gid,handle,functional_role,involvement,archetype,note
100000005146846100,c1_drop_beka,transit,criminal,карта-сборщик,"дроп-карта 1-12 июля (студент продал карту); гонит оператору и на резервную карту, держит ~7% себе"
100000001669994100,c1_zk_aliya,peripheral,criminal,закладчик,"получает оплату за клады, сдаёт на текущую дроп-карту, делит аренду с соседкой, помогает маме"
100000005101896100,c1_zk_dias,peripheral,criminal,закладчик,студент 19 лет; один раз отправил выручку на старую карту после смены
100000001956305100,c1_zk_erlan,peripheral,criminal,закладчик,закладчик и одновременно подрабатывает на мойке брата
100000006986524100,c1_zk_bekzat,peripheral,criminal,закладчик,"самый активный закладчик; содержит жену, ставки, внёс залог за машину"
100000008190531100,c1_zk_dana,peripheral,criminal,закладчик,"закладчица, пара с Санжаром; переводы туда-обратно"
100000002883937100,c1_zk_sanzhar,peripheral,criminal,закладчик,"закладчик, платит аренду за двоих, помогает отцу"
100000000455249100,c1_zk_arman,peripheral,criminal,закладчик,"платит штрафы куратору за ненаходы, одалживает другу"
100000003613617100,c1_zk_yerkebulan,peripheral,criminal,закладчик,выручку сдаёт наличными и через другой банк; внутри банка только мелочь - виден только как получатель
100000005067183100,c1_zk_madina,peripheral,criminal,закладчик,новенькая с середины июля; отправляет только мелкие суммы и в другой банк
100000004544723100,c1_zk_asel,peripheral,criminal,закладчик,начала 24 июля; первую зарплату и первую сдачу выручки успела только в августе
100000007040908100,c1_zk_timur,peripheral,criminal,закладчик,закладчик; ошибся номером карты и получил возврат; помогает маме
100000007496133100,c1_zk_nursultan,peripheral,criminal,закладчик,"сам покупает USDT у P2P-трейдера на свои деньги, выкупил цепочку из ломбарда"
100000001728081100,c1_zk_ruslan,consolidator,criminal,старший закладчик,"собирает выручку трёх младших закладчиков и одной суммой сдаёт на дроп-карту, оставляя себе процент"
100000003204589100,c1_zk_zhanibek,peripheral,criminal,закладчик,"закладчик, много ездит на такси"
100000008379845100,c2_drop_dana,transit,criminal,дроп-карта,на карту платят покупатели; почти всё в тот же или следующий день уходит Канату; себе оставляет небольшой процент
100000000083001100,c2_drop_bekzat,transit,criminal,дроп-студент,принимает оплату от покупателей и сдаёт Серику; делится с Нуржаном; свою долю меняет на USDT
100000004439294100,c2_kur_daulet,peripheral,criminal,закладчик,получает оплату за клады от Серика; изредка сам продаёт и сдаёт выручку; помогает двоюродному брату Мирасу
100000003787974100,c2_kur_nurzhan,peripheral,criminal,закладчик,получает от Серика и долю от Бекзата; платит за комнату и покупает USDT
100000003561874100,c2_kur_arman,peripheral,criminal,закладчик,получает оплату от Серика; сам пользуется другим банком и ставками поэтому исходящих внутри банка почти нет
100000004601251100,c2_kur_ernar,peripheral,criminal,закладчик-студент,получает от Серика; мелкую выручку сдаёт Канату; платит за курсы
100000003646921100,c2_kur_miras,peripheral,criminal,закладчик-новичок,получает от Серика и от двоюродного брата Даулета; тратит мелочью и через другой банк
100000001129746100,c3_klad_arman,peripheral,criminal,закладчик,принимает оплату от покупателей и раз в неделю сливает выручку на первый слой дроп-карт; зарплату получает с кассы
100000008089355100,c3_klad_madi,peripheral,criminal,закладчик,сдаёт выручку на дроп-карты первого слоя; бытовые траты и долг другу
100000007104500100,c3_klad_erlan,peripheral,criminal,закладчик,сдаёт выручку на дропов; сам снимает квартиру
100000002645767100,c3_kurier_timur,peripheral,criminal,курьер-перевозчик,возит опт; крупные сливы на дропов и один раз напрямую сборщику в обход слоёв
100000001379131100,c3_klad_sanzhar,peripheral,criminal,закладчик,мелкий закладчик; сливы небольшими суммами на дропов
100000005915544100,c3_klad_aibek,peripheral,criminal,закладчик-новичок,только получает зарплату с кассы; исходящие все ниже 5000 или межбанк
100000000457996100,c3_klad_nurlan,peripheral,criminal,закладчик,получает зарплату с кассы и отправляет матери в другой банк; в выгрузке только получатель
100000003968990100,c3_klad_dauren,peripheral,criminal,закладчик,получает зарплату с кассы; исходящие только мелкие
100000001989891100,c3_klad_yerbol,peripheral,criminal,закладчик,сливы на дропов и помощь матери
100000004507229100,c3_klad_askar,peripheral,criminal,старший закладчик,сливы на дропов и иногда прямо на второй слой; платит аренду квартиры
100000005612452100,c3_kurier_ruslan,peripheral,criminal,курьер,оплату получает наличными; по счёту видны только семья и покупка машины
100000003506403100,c3_drop_zhanna,transit,criminal,дроп (безработная),карта арендована; принимает от закладчиков и пересылает на второй слой за вычетом 2-3 процентов
100000004087179100,c4_driver_askar,peripheral,criminal,водитель-перевозчик,возит партии на юг; получает от логиста; сдаёт наличную выручку южному координатору; семья и быт
100000007526108100,c4_driver_nurbol,peripheral,criminal,водитель-перевозчик,возит партии на север; сдаёт наличку северному координатору; мать и быт
100000008559225100,c4_driver_kanat,peripheral,criminal,водитель-перевозчик,получает от логиста; возвращает остаток на топливо; быт; немного USDT
100000002939691100,c4_driver_samat,peripheral,criminal,водитель-перевозчик,подрабатывает в такси; сдаёт наличку южному координатору
100000004738940100,c4_driver_ilyas,peripheral,criminal,водитель-перевозчик,только получает от логиста; исходящие мелкие или в другой банк (seed без рёбер)
100000003673338100,c5_zak_ruslan,peripheral,criminal,закладчик,получает зарплату от агентства; аренда и мать; вернул излишек агентству
100000001112989100,c5_zak_aidos,peripheral,criminal,закладчик,получает от агентства; передаёт часть другу-курьеру Ерлану; девушка и телефон
100000002560634100,c5_zak_miras,peripheral,criminal,закладчик,получает от агентства и сдаёт наличную выручку клиентов в кассу
100000001039012100,c5_zak_dias,peripheral,criminal,закладчик,получает от агентства; помогает матери
100000006905416100,c5_zak_arman,peripheral,criminal,закладчик,получает от агентства; дважды вернул переплату агентству; покупает USDT
100000006199136100,c5_zak_temirlan,peripheral,criminal,закладчик,получает от агентства; помогает брату
100000004513432100,c5_kur_alibek,peripheral,criminal,курьер,получает от агентства; аренда и переводы жене
100000006033856100,c5_kur_sanzhar,peripheral,criminal,курьер,получает от агентства и сдаёт выручку в кассу
100000005043657100,c5_kur_bekzat,peripheral,criminal,курьер,получает от агентства; исходящие только мелкие и межбанк матери
100000007952658100,c5_zak_madina,peripheral,criminal,закладчица,получает от агентства; аренда и мать; одалживает подруге-закладчице
100000007391716100,c5_zak_kamila,peripheral,criminal,закладчица,получает от агентства; мелкие траты и подруга
100000000433698100,c5_kur_nursultan,peripheral,criminal,курьер,получает от агентства; мать и аренда; вернул излишек
100000003446634100,c5_zak_islam,peripheral,criminal,закладчик,получает от старшего курьера (не из веера); сдаёт выручку в кассу
100000005015436100,c5_zak_ayan,peripheral,criminal,закладчик,получает от старшего курьера; исходящих ≥5000 внутри банка нет
100000004740250100,c5_kur_daniyar,peripheral,criminal,курьер,получает от старшего курьера; только получатель
100000008949785100,c5_zak_yerzhan,peripheral,criminal,закладчик,получает от старшего курьера; вернул ему излишек; аренда
100000003679170100,c6_seed_dana,peripheral,criminal,студентка-дроп,даёт карту в пользование: принимает оплаты от покупателей и раз в неделю сбрасывает Ерлану; в остальном аренда в складчину и деньги от отца
100000007673821100,c6_seed_erbol,peripheral,criminal,студент-дроп,продал доступ к карте; входящие от покупателей уходят Ерлану; стипендиальная мелочь
100000005990650100,c6_seed_timur,peripheral,criminal,грузчик,работает в бригаде Марата; по пятницам переводит знакомому Руслану выручку за клады
100000006679790100,c6_seed_nurlan,peripheral,criminal,курьер доставки,подрабатывает закладчиком; дважды сдал деньги через Руслана; делит бензин с напарником Бекой
100000003762858100,c6_seed_bakyt,peripheral,legit,таксист,в списке по ошибке — возил курьеров как пассажиров; аренда машины в таксопарке и семья
100000003780877100,c6_seed_gulnara,peripheral,legit,продавщица продуктового,обычная жизнь: мама бабушка сестра взнос на той двоюродного брата
100000005175264100,c6_seed_daulet,peripheral,criminal,грузчик,рабочий у бригадира Марата; эпизодически делал закладки за наличные; безналичные переводы только семейные
100000003525978100,c6_seed_zhanna,peripheral,legit,медсестра,в июле только мелочь и переводы на свою карту другого банка — в выгрузке без рёбер
100000000054045100,c6_seed_arman,peripheral,criminal,таксист,возил закладчиков; в июле только получает долг от Бакыта; свои крупные переводы в июне и августе
100000003848037100,c6_seed_kamila,peripheral,criminal,продавщица на рынке,дроп: всё полученное сбрасывает на карту другого банка — в выгрузке без рёбер
100000002040566100,c6_seed_madina,peripheral,legit,студентка,соседка Даны по квартире; аренда кафе на день рождения курсы
100000007860890100,c6_seed_askar,peripheral,criminal,грузчик,в бригаде Марата; исходящие только мелкие и межбанк — в выгрузке только получатель
100000005380137100,c6_seed_aliya,peripheral,legit,кассир,сестра Гульнары; аренда мама взнос на той
100000007932951100,c6_seed_sanzhar,peripheral,criminal,таксист,возил курьеров и однажды сдал выручку Бекзату напрямую; остальное — аренда машины и мама
100000003057645100,c1_op_tima,coordinator,criminal,оператор магазина,"получает выручку с карт-сборщиков, раз в неделю (обычно в воскресенье, часть задерживает до понедельника-вторника) платит закладчикам веером, платит оптовику и выводит через P2P"
100000004572154100,c1_op_reserve_kanat,transit,criminal,резервная карта оператора,"карта двоюродного брата оператора: принимает с дропов когда у оператора лимит, гонит в P2P и за машину, оставляет себе на жизнь"
100000005402976100,hub_cafe_1,consolidator,legit,кафе,семейное кафе Айдоса; повара и официанты получают зарплату два раза в месяц
100000007108006100,hub_bazaar_stall_3,consolidator,legit,точка на рынке (телефоны б/у),Тимур скупает и перепродаёт б/у телефоны; иногда покупает у сомнительного Вадима не зная о краже
100000001237525100,c1_drop_askar,transit,criminal,карта-сборщик,"дроп-карта 26 июня - 6 июля; принимает выручку закладчиков и опт, в тот же или на следующий день гонит оператору"
100000006983463100,c1_drop_nazerke,transit,criminal,карта-сборщик,дроп-карта 6-15 июля; переводит оператору и резерву за 1-2 дня
100000000371561100,c1_drop_yerzhan,transit,criminal,карта-сборщик,дроп-карта 13-22 июля; с неё же заплатил свою аренду
100000003291764100,c1_drop_zarina,transit,criminal,карта-сборщик,"дроп-карта 16-26 июля; держала деньги по 3-4 дня и присвоила часть (телефон и мебель), после чего карту бросили"
100000008002526100,c1_drop_temirlan,transit,criminal,карта-сборщик,дроп-карта 22-31 июля; быстрый пропуск оператору в день поступления
100000006659834100,ext_buyer_106,undeclared,undeclared,,
100000006395487100,c1_aliya_flatmate_zhanar,peripheral,legit,соседка по квартире,офисная работа; собирает половину аренды с Алии и платит хозяйке
100000002147906100,c1_aliya_mother_roza,peripheral,legit,мать закладчицы,"пенсионерка, продукты, помогает сестре"
100000000099491100,hub_beauty_salon,consolidator,legit,салон красоты,салон Алии; мастерам процент от выручки каждую неделю
100000008345119100,hub_grocery_2,consolidator,legit,продуктовый у дома,магазин Бакыта в спальном районе; выручка уходит на мясо молочку и зарплату продавщицы
100000001728319100,c1_taxi_driver_nurlan,consolidator,legit,таксист,"частный таксист: за поездки платят многие клиенты (в том числе закладчики), платит аренду машины таксопарку"
100000004491792100,c1_dias_mother_saule,peripheral,legit,мать закладчика,"учитель, помогает сестре"
100000006472207100,c1_dias_friend_akzhol,peripheral,legit,друг закладчика,"одолжил Диасу, получил долг назад"
100000000082243100,hub_phone_shop,consolidator,legit,магазин телефонов,Ержан продаёт телефоны и аксессуары в ТЦ; платит дистрибьютору и аренду ТЦ
100000007567124100,c1_drop_aruzhan,transit,criminal,карта-сборщик,дроп-карта с 27 июля по начало августа
100000004568070100,hub_landlord_3,terminal,legit,арендодатель (комнаты студентам),Лариса сдаёт дом с комнатами студентам и одиночкам; тратит на коммуналку аптеку и внука
100000005300922100,c1_erlan_brother_bolat,distributor,legit,владелец автомойки,легальный работодатель: еженедельно платит зарплату мойщикам веером
100000008836225100,hub_auto_parts,consolidator,legit,автозапчасти и СТО,Канат держит СТО; клиенты таксопарк перекуп и частники
100000003838447100,hub_grocery_4,consolidator,legit,продуктовый у дома,маленький магазин Нурлана возле школы; часть товара у оптовика
100000002557425100,c1_bekzat_wife_aigerim,peripheral,legit,жена закладчика,"ведёт хозяйство, садик, кредит, помогает маме"
100000007098066100,hub_car_dealer_used,transit,legit,перекуп авто,деньги покупателя за 1-2 дня уходят продавцу машины; оседает маржа; легальный двойник транзита
100000001434656100,hub_cafe_2,consolidator,legit,донерная,донерная Серика; мясо и лаваш у поставщиков; зарплата раз в неделю
100000001539005100,c1_dana_sister_zhuldyz,peripheral,legit,сестра закладчицы,курсы
100000002765499100,c1_sanzhar_father_yerbol,peripheral,legit,отец закладчика,"строитель, отдаёт долг брату"
100000002296261100,c1_curator_marat,distributor,criminal,куратор закладчиков,"получает от оператора на расходники, берёт штрафы, раздаёт премии закладчикам, покупает им телефоны"
100000002855030100,c1_arman_friend_yerlan,peripheral,legit,друг закладчика,"занял и вернул, помогает маме"
100000004776758100,hub_gym,consolidator,legit,фитнес-клуб,абонементы от многих клиентов; тренерам процент раз в месяц
100000006398111100,c1_timur_mother_lyazzat,peripheral,legit,мать закладчика,"аренда, помогает дочери"
100000001239537100,x_p2p_trader_1,transit,criminal,свой обменник сети,P2P-трейдер USDT который сознательно обслуживает сеть; быстрый оборот; платит продавцам USDT и выводит тенге жене бенефициара; есть и легальные клиенты
100000006268973100,hub_pawnshop,distributor,legit,ломбард,выдаёт займы под залог многим людям; изредка покупает у Вадима технику не зная что она краденая
100000002740973100,hub_grocery_3,consolidator,legit,продуктовый у дома,круглосуточный магазин Светланы; овощи берёт на рынке у точки Рустама
100000003818116100,c1_nursultan_brother_azamat,peripheral,legit,брат закладчика,"школьник, подготовка к ЕНТ"
100000006862152100,hub_landlord_4,terminal,legit,арендодатель (удалённый),Серик сдаёт несколько квартир и комнат через сестру; копит и в июле покупает машину у перекупа; немного USDT
100000006679078100,c1_ruslan_gf_diana,peripheral,legit,девушка закладчика,"салон, помогает маме"
100000004142477100,c1_zk_vlad,peripheral,criminal,закладчик,сдаёт выручку через старшего Руслана
100000007321299100,hub_landlord_1,consolidator,legit,арендодатель (пенсионер),Бахытжан-ага сдаёт несколько квартир и комнат многим жильцам; деньги уходят детям на кредит и ремонт
100000007595943100,c1_zhanibek_cousin_nurik,peripheral,legit,двоюродный брат,рынок
100000003411540100,c2_kanat_brother,transit,criminal,брат-транзитёр,принимает выручку с карты Даны и курьеров и за 1-2 дня переводит Серику; оформил на себя машину брата
100000005855037100,c2_dana_mother_lyazzat,peripheral,legit,мать дропа-торговка,держит точку на рынке: аренда места и закуп у оптовика
100000007564399100,hub_bazaar_stall_1,consolidator,legit,точка на рынке (одежда),Зульфия продаёт одежду; платит карго из Китая и аренду места рынку
100000008974917100,c2_serik_coord,coordinator,criminal,координатор-торговец,собирает выручку с дропов и курьеров и карт других банков; платит курьерам и x_wholesaler; параллельно легальная точка бытовой химии на рынке (смешанный счёт)
100000007105335100,x_p2p_trader_2,transit,legit,P2P-мерчант,обычный P2P-трейдер USDT с десятками легальных клиентов (веер 60+ получателей); сеть пользуется им как все и он не в курсе
100000003886942100,c2_bekzat_roommate_adil,peripheral,legit,сосед по квартире,делит аренду с Бекзатом
100000003962898100,c2_daulet_mother_bibigul,peripheral,legit,мать курьера,получает от сына; продукты и аптека
100000003305078100,c2_daulet_gf_aruzhan,peripheral,legit,девушка курьера,получает подарки; салон и кафе
100000002948348100,c2_yerbol_nurzhan_brother,peripheral,legit,брат курьера,аренда и хозяйство
100000007551446100,c2_ernar_mother_ainur,peripheral,legit,мать курьера-торговка,держит точку на рынке: аренда места и закуп у оптовика
100000007747705100,hub_tutor_center,consolidator,legit,учебный центр,подготовка к ЕНТ и английский; оплата от родителей
100000002446537100,c3_drop_aruzhan,transit,criminal,дроп (студентка),первый слой: принимает от закладчиков и за 0-1 день пересылает дальше минус комиссия; живёт на деньги мамы
100000004288744100,c3_drop_beka,transit,criminal,дроп (безработный),первый слой транзита; ставки на спорт и ремонт машины
100000007364907100,c3_drop_nazerke,transit,criminal,дроп (студентка),первый слой; с комиссий купила телефон; снимает комнату
100000002674754100,c3_drop_samat,transit,criminal,дроп (курьер доставки),первый слой транзита; параллельно легально работает курьером доставки и получает от ИП зарплату
100000002087466100,c3_drop_dana,transit,criminal,дроп (студентка),первый слой; однажды держала деньги 3 дня; снимает комнату
100000007341438100,c3_sbor_bolat,consolidator,criminal,финальный сборщик,копит от дропов последнего слоя и курьера; крупно отдаёт боссу на свой депозит в P2P и межбанком
100000004066496100,hub_taxi_park,coordinator,legit,таксопарк,собирает аренду машин с водителей и раз в неделю выплачивает им выручку агрегатора; легальный двойник координатора
100000004294529100,c3_mama_arman,peripheral,legit,мать закладчика,получает помощь от сына; помогает дочери
100000007401013100,c3_drop_zhanibek,transit,criminal,дроп (студент),первый слой транзита
100000008692664100,c3_drug_madi,peripheral,legit,друг закладчика,занял и вернул
100000008883429100,hub_grocery_1,consolidator,legit,продуктовый у дома,магазин Гульнары собирает оплату покупателей и платит поставщикам молока хлеба и напитков
100000000797853100,c3_zhena_timur,peripheral,legit,жена курьера,бытовые траты семьи
100000008906540100,c3_mama_sanzhar,peripheral,legit,мать закладчика,бытовые траты
100000008916795100,c3_mama_yerbol,peripheral,legit,мать закладчика,бытовые траты
100000007534124100,c3_drop_moldir,transit,criminal,дроп (студентка),второй слой транзита; сестра переводит легальные деньги
100000006875679100,c3_zhena_ruslan,peripheral,legit,жена курьера,бытовые траты и предоплата тоя
100000002443129100,c3_drop_kanat,transit,criminal,дроп (безработный),второй слой; один раз прогнал через карту другого банка; игрок в букмекерах
100000004999557100,c3_drop_askhat,transit,criminal,дроп (курьер доставки),второй слой; легальная зарплата от ИП доставки маскирует транзит
100000008981578100,c3_mama_zhanna,peripheral,legit,мать дропа,бытовые траты
100000001586933100,c4_askar_wife_aliya,peripheral,legit,жена водителя,воспитатель детсада; продукты и кружки детям
100000000596781100,c4_coord_bekzat,coordinator,criminal,региональный координатор (юг),собирает выручку двух дилеров и водителей; платит оптовику; выводит через дропа в P2P; займ оптовика; покупает машину
100000008925245100,c4_mechanic_bolat,consolidator,legit,СТО,легальный автосервис: собирает оплату от многих клиентов включая водителей сети; платит аренду бокса и запчасти
100000002908922100,c4_nurbol_mother_raushan,peripheral,legit,мать водителя,пенсионерка; коммуналка и аптека
100000002942749100,c4_coord_ruslan,coordinator,criminal,региональный координатор (север),собирает выручку двух дилеров и курьера; платит оптовику напрямую и через дропа; берёт и возвращает займы оптовика; связан с южным координатором
100000006159613100,c4_logist_timur,distributor,criminal,начальник логистики,получает от оптовика и раздаёт водителям-перевозчикам; аренда газелей; топливо; ремонт
100000001652584100,ext_dosym_samat,undeclared,undeclared,,
100000000437389100,c5_mom_ruslan,peripheral,legit,мать,получает помощь от сына; аптека и продукты; дочери
100000003370946100,c5_agency_kadry,distributor,criminal,кадровое агентство-прокладка,ТОО на подставное лицо; веером платит зарплату курьерам и фиктивным и реальным сотрудникам 2-4 раза в месяц
100000007499577100,c5_sis_ruslan,peripheral,legit,сестра,студентка; репетитор и салон
100000001823686100,c5_kur_yerlan,peripheral,criminal,курьер,получает от агентства и от друга Айдоса; аренда и мать
100000005185741100,c5_gf_aidos,peripheral,legit,девушка курьера,получает подарки деньгами
100000002083473100,hub_landlord_2,terminal,legit,арендодатель (инвестор),Алмас сдаёт несколько квартир купленных в ипотеку; аренда в основном уходит в ипотеку и на ремонт
100000000156824100,c5_kassa_nurlan,consolidator,criminal,касса сети,собирает выручку с дроп-карт и сдачу закладчиков; платит оптовику и бухгалтеру-дропу
100000008409231100,c5_mom_dias,peripheral,legit,мать,получает помощь от сына
100000006886360100,c5_bro_temirlan,peripheral,legit,брат,получает от брата; телефон
100000004700330100,c5_wife_alibek,peripheral,legit,жена,хозяйство и репетитор ребёнку
100000005855274100,c5_kur_olzhas,peripheral,criminal,курьер,получает от агентства и возвраты долгов от Санжара
100000001803643100,c5_mom_madina,peripheral,legit,мать,получает от дочери; продукты
100000004205332100,hub_pharmacy,consolidator,legit,аптека,аптека Раушан; крупные платежи фармдистрибьютору
100000005015951100,c5_friend_kamila,peripheral,legit,подруга,мелкий займ
100000007767920100,c5_mom_nursultan,peripheral,legit,мать,получает от сына
100000000012703100,c5_kur_akhmet,peripheral,criminal,курьер,получает от старшего курьера и от Ислама
100000003928654100,c5_senior_marat,distributor,criminal,старший курьер,получает крупные суммы от агентства и раздаёт своей шестёрке курьеров; получает премию от организатора
100000002913058100,c5_gf_yerzhan,peripheral,legit,девушка курьера,салон
100000005348341100,c6_room_tomiris,transit,legit,соседка-съёмщица,собирает доли аренды с Даны и Мадины и платит хозяйке — легальный пропускной счёт
100000001203913100,c6_tr_erlan,transit,criminal,транзитёр дропов,принимает с карт студентов и в тот же день покупает USDT у P2P-трейдера
100000008348753100,c6_dana_friend_saya,peripheral,legit,подруга Даны,получила подарки на день рождения
100000003181163100,c6_cafe_dastarkhan,consolidator,legit,семейное кафе,принимает оплату от многих гостей и заказов; платит поставщикам персоналу аренду и владельцу — легальный сборщик
100000001905940100,c6_fam_ajee,terminal,legit,бабушка-общак,дети и внуки каждый месяц скидываются ей; деньги лежат — тратит только мелочь в аптеке и магазине
100000002850884100,c6_fam_nursultan,peripheral,legit,брат Даны,работает; скидывается на подарок маме; взнос на той
100000006021865100,c6_erbol_bro_ansar,peripheral,legit,младший брат студента,карманные деньги
100000005505934100,c6_tr_ruslan,transit,criminal,знакомый-транзитёр,принимает от Тимура и Нурлана и за 0–1 день переправляет Бекзату; оставляет себе 5–10%
100000002791971100,c6_timur_mama,peripheral,legit,мать грузчика,получает помощь от сына
100000000443731100,c6_brig_marat,distributor,legit,бригадир,получает оплату за подряд и раздаёт веером недельную зарплату 23 рабочим — легальный распределитель
100000001792034100,c6_cr_beka,peripheral,criminal,курьер-закладчик,напарник Нурлана; изредка сдаёт Бекзату
100000008300619100,c6_nurlan_girl_aida,peripheral,legit,девушка курьера,подарки и совместные траты
100000001691319100,c6_bakyt_wife_ainur,peripheral,legit,жена таксиста,хозяйство дети
100000000750404100,c6_bakyt_friend_nurzhan,peripheral,legit,друг таксиста,занял 50000 на ремонт машины и вернул частями
100000007000121100,c6_bakyt_mama,peripheral,legit,мать таксиста,получает помощь от сына и невестки
100000004656564100,c6_fam_aigul,peripheral,legit,мать Гульнары и Алии,дочь бабушки; взнос на той сестре; помогает тёте
100000002389527100,c6_gul_colleague_zarina,peripheral,legit,коллега Гульнары,заняла 40000 и вернула
100000004812736100,c6_fam_zhanar,consolidator,legit,организатор тоя,собирает взносы с 18 родственников на свадьбу сына и платит тойхане тамаде сватам — легальный сборщик
100000001723651100,c6_fam_nurbol,peripheral,legit,отец Даулета,сын бабушки; займ брату; возврат долга Кайрату
100000004877275100,c6_fam_dias,peripheral,legit,двоюродный брат Даулета,взнос на той
100000008739037100,c6_fam_asel,peripheral,legit,сестра Даулета,взнос на той бабушке
100000003812402100,c6_fam_togzhan,peripheral,legit,двоюродная сестра Алии,взнос на той
100000002270503100,c6_sanzhar_mama,peripheral,legit,мать таксиста,получает помощь от сына
100000007730419100,c6_cr_bekzat,consolidator,criminal,сборщик выручки,собирает с транзитёра курьеров и таксиста; сдаёт куратору и меняет в USDT у P2P
100000002262536100,c1_zk_aibek,peripheral,criminal,закладчик,"сдаёт выручку на дроп-карты, получает зарплату от оператора"
100000002704409100,c1_zk_kairat,peripheral,criminal,закладчик,"сдаёт выручку на дроп-карты, снимает комнату"
100000006878247100,c1_zk_miras,peripheral,criminal,закладчик,сдаёт выручку на дроп-карты
100000002870113100,c1_zk_olzhas,peripheral,criminal,закладчик,"сдаёт выручку на дроп-карты, помогает отцу"
100000002330590100,c1_zk_ayan,peripheral,criminal,закладчик,сдаёт выручку на дроп-карты
100000000996094100,c1_zk_daniyar,peripheral,criminal,закладчик,"сдаёт выручку на дроп-карты, платит аренду"
100000004656613100,c1_zk_samat,peripheral,criminal,закладчик,часть недель сдаёт через старшего Руслана
100000007194775100,c1_zk_akbota,peripheral,criminal,закладчик,сдаёт выручку на дроп-карты
100000001582542100,c1_zk_islam,peripheral,criminal,закладчик,сдаёт выручку на дроп-карты
100000003838621100,c1_zk_ilyas,peripheral,criminal,закладчик,сдаёт выручку через старшего Руслана
100000008622610100,c1_zk_adil,peripheral,criminal,закладчик,"ушёл в середине июля, последнюю выручку не сдал и потратил на телефон"
100000008442856100,c1_fasovshik_gena,peripheral,criminal,фасовщик,получает недельную оплату от оператора и тратит на жизнь
100000000665792100,x_wholesaler,coordinator,criminal,оптовый поставщик,принимает оплату за товар от ячеек и региональных координаторов; платит бенефициару и логистике; даёт координаторам займы которые возвращаются; выводит через P2P
100000000225878100,c1_op_gf_kamila,terminal,legit,девушка оператора,"получает крупные суммы от оператора и тратит на салон, мебель, одежду"
100000001806661100,c1_op_mother_gulnara,terminal,legit,мать оператора,"получает от сына деньги на жизнь, тратит на продукты и сестре"
100000004431515100,hub_furniture,consolidator,legit,мебельный магазин,мебель на заказ; предоплаты клиентов; оплата ЛДСП и столярам
100000003561166100,c1_kanat_wife_zhibek,peripheral,legit,жена номинала резервной карты,продукты и аптека
100000005279246100,h_supplier_meat,consolidator,legit,мясной цех,мясо для кафе донерной магазина и тойханы
100000003676482100,h_supplier_drinks,consolidator,legit,дистрибьютор напитков,собирает с магазинов кафе и тойханы
100000002656330100,hub_bazaar_stall_2,consolidator,legit,точка на рынке (овощи),Рустам берёт овощи у фермеров и продаёт магазинам и кафе
100000001779799100,h_supplier_milk,consolidator,legit,дистрибьютор молочки,собирает оплату с нескольких магазинов и кафе
100000005945886100,h_cook_saule,peripheral,legit,повар,кафе Айдоса; платит сыну
100000000609543100,h_cook_marat,peripheral,legit,повар,кафе Айдоса
100000005596982100,h_waiter_diana,peripheral,legit,официантка,кафе Айдоса
100000006493280100,h_waiter_alibek,peripheral,legit,официант,кафе Айдоса; студент
100000000398785100,h_premises_kuat,consolidator,legit,владелец коммерческих помещений,получает аренду от магазина кафе и аптеки
100000005227188100,h_owner_aidos,terminal,legit,владелец кафе,вывод прибыли кафе; жена тратит на дом
100000008854217100,ext_refund_cust_cafe1,undeclared,undeclared,,
100000007127282100,h_bazaar_admin,consolidator,legit,администрация рынка,аренда мест от точек на рынке
100000005129129100,h_master_arman,peripheral,legit,мастер по ремонту телефонов,получает за ремонт от точки Тимура
100000001122110100,h_fence_vadim,terminal,criminal,скупщик краденого,продаёт краденые телефоны и золото точке б/у телефонов и ломбарду; деньги снимает
100000005751023100,ext_phone_seller_private,undeclared,undeclared,,
100000008783709100,h_supplier_electronics,consolidator,legit,дистрибьютор электроники,поставляет телефоны и аксессуары
100000008753933100,ext_phone_seller_private_3,undeclared,undeclared,,
100000006051233100,h_owner_timur,peripheral,legit,владелец точки б/у телефонов,личная карта
100000001018543100,ext_refund_cust_stall3,undeclared,undeclared,,
100000008733206100,c1_zhanar_bf_daulet,peripheral,legit,парень соседки,"спортзал, помогает брату"
100000002470843100,c1_roza_sister_gulzhan,peripheral,legit,тётя,"готовит той, помогает сыну"
100000004537606100,h_mall_tsum,consolidator,legit,управляющая компания ТЦ,аренда от магазина телефонов фитнеса салона и учебного центра
100000001863411100,h_master_nails_zarina,peripheral,legit,мастер маникюра,процент от салона каждую неделю
100000006955820100,h_master_hair_dinara,peripheral,legit,парикмахер,процент от салона каждую неделю
100000001317807100,h_master_brows_moldir,peripheral,legit,бровист,процент от салона
100000001547482100,h_supplier_cosmetics,terminal,legit,поставщик косметики,гель-лаки и краски для салона
100000000332148100,h_owner_aliya,terminal,legit,владелица салона,личная карта
100000005625641100,h_seller_zhanna,peripheral,legit,продавщица,зарплата в магазине 2
100000004374960100,h_owner_bakyt,terminal,legit,владелец магазина,личная карта владельца второго магазина
100000007093687100,c1_nurlan_wife_asem,peripheral,legit,жена таксиста,"продукты, помогает маме"
100000001063189100,c1_saule_sister_raushan,peripheral,legit,тётя,платит за репетиторов сына
100000005665682100,c1_akzhol_sister_aruna,peripheral,legit,сестра друга,салон и продукты
100000002446078100,h_seller_nurbol,peripheral,legit,продавец телефонов,зарплата плюс процент
100000001926488100,h_seller_alina,peripheral,legit,продавщица телефонов,зарплата плюс процент
100000006403174100,h_owner_yerzhan,terminal,legit,владелец магазина телефонов,личная карта
100000007074213100,ext_refund_cust_phone_a,undeclared,undeclared,,
100000001782593100,ext_refund_cust_phone_b,undeclared,undeclared,,
100000008414071100,h_ll3_grandson_denis,peripheral,legit,внук Ларисы,студент
100000008973122100,h_repairman_sultanbek,peripheral,legit,мастер по ремонту квартир,ремонт у арендодателей
100000006092674100,c1_carwash_w_nurzhan,peripheral,legit,мойщик,"зарплата с мойки, аренда, мама"
100000005061048100,c1_carwash_w_bauyrzhan,peripheral,legit,мойщик,зарплата с мойки
100000007041575100,c1_carwash_w_sergey,peripheral,legit,мойщик,зарплата с мойки
100000003528510100,c1_carwash_w_yerassyl,peripheral,legit,мойщик,зарплата с мойки
100000007110769100,c1_carwash_w_kuat,peripheral,legit,мойщик,"зарплата с мойки, выкуп из ломбарда"
100000007210244100,h_supplier_autoparts,terminal,legit,оптовик запчастей,продаёт запчасти СТО
100000000505543100,h_mechanic_askar,peripheral,legit,автомеханик,СТО Каната
100000008969832100,h_mechanic_dimash,peripheral,legit,автомеханик,СТО Каната
100000007469937100,h_owner_kanat,terminal,legit,владелец СТО,личная карта
100000008814954100,h_supplier_bread,consolidator,legit,пекарня,хлеб и лаваш магазинам и донерной
100000004735303100,h_seller_asel,peripheral,legit,продавщица,магазин 4
100000006810639100,h_premises_gaukhar,terminal,legit,владелица помещения,сдаёт помещение донерной и магазину 4
100000002382704100,h_owner_nurlan,peripheral,legit,владелец магазина,небольшой вывод прибыли; живёт скромно
100000001834534100,c1_aigerim_mother_klara,peripheral,legit,тёща закладчика,"аптека, помогает сыну"
100000000208696100,h_car_seller_meiram,terminal,legit,частный продавец авто,продал машину перекупу
100000007112237100,h_detailer_rafael,peripheral,legit,детейлер,полирует машины перекупа
100000008035249100,h_car_seller_olga,terminal,legit,частная продавщица авто,продала машину перекупу
100000007036305100,h_dealer_wife_zhanar,peripheral,legit,жена перекупа,семейные траты
100000005173658100,h_car_seller_kenes,terminal,legit,частный продавец авто,продал машину перекупу
100000002475120100,h_worker_azamat,peripheral,legit,рабочий,стройфирма
100000000765297100,h_cook_ruslan,peripheral,legit,повар донерной,зарплата раз в неделю
100000003157483100,h_cashier_kristina,peripheral,legit,кассир донерной,зарплата раз в неделю
100000002527940100,h_owner_serik,terminal,legit,владелец донерной,личная карта
100000002673740100,c1_yerbol_brother_serikbay,peripheral,legit,дядя,"ломбард, помогает дочери"
100000003713844100,c1_marat_wife_dinara,peripheral,legit,жена куратора,хозяйство и помощь маме
100000007691934100,c1_yerlan_mother_sholpan,peripheral,legit,мать друга,"продукты, одолжила соседке"
100000004365645100,h_trainer_arsen,peripheral,legit,тренер,фитнес-клуб
100000003498719100,h_trainer_togzhan,peripheral,legit,тренер,фитнес-клуб
100000007017187100,h_trainer_kirill,peripheral,legit,тренер,фитнес-клуб
100000000378351100,h_admin_gym_ainur,peripheral,legit,администратор фитнеса,фитнес-клуб
100000005678174100,h_owner_zhandos,peripheral,legit,владелец фитнес-клуба,личная карта
100000008193199100,ext_refund_cust_gym,undeclared,undeclared,,
100000004264103100,c1_lyazzat_daughter_moldir,peripheral,legit,сестра закладчика,"студентка, билеты на концерт с подругой"
100000005353427100,ext_bauyrzhan_k,undeclared,undeclared,,
100000007668364100,ext_ainur_s,undeclared,undeclared,,
100000002435382100,c4_trader1_vadim,transit,criminal,вторая карта трейдера,партнёр трейдера 1: получает крупные суммы и раздаёт продавцам USDT
100000003525229100,c4_client_aizhan,peripheral,legit,фрилансер,продаёт USDT (оплата от зарубежных заказчиков) обоим трейдерам; аренда и быт
100000003862571100,ext_dmitriy_p,undeclared,undeclared,,
100000000443907100,ext_asel_m,undeclared,undeclared,,
100000006974123100,ext_nursultan_zh,undeclared,undeclared,,
100000001827491100,ext_viktoriya_l,undeclared,undeclared,,
100000005418960100,c4_client_miras,peripheral,legit,IT-специалист,получает зарплату в USDT и продаёт трейдерам; ипотека в другом банке
100000000809531100,ext_yerkebulan_a,undeclared,undeclared,,
100000003057184100,ext_dilnaz_o,undeclared,undeclared,,
100000000319318100,ext_igor_v,undeclared,undeclared,,
100000008780041100,ext_maksim_r,undeclared,undeclared,,
100000007940770100,ext_kuanysh_t,undeclared,undeclared,,
100000007595677100,c4_client_gaukhar,peripheral,legit,жена работника за рубежом,продаёт USDT присланные мужем; помогает матери
100000002844902100,ext_alina_b,undeclared,undeclared,,
100000004288321100,ext_zhandos_m,undeclared,undeclared,,
100000000546337100,ext_sergey_k,undeclared,undeclared,,
100000003990335100,ext_aruzhan_n,undeclared,undeclared,,
100000008667542100,ext_timur_zh,undeclared,undeclared,,
100000005117975100,ext_moldir_s,undeclared,undeclared,,
100000000375151100,c4_boss_wife_dana,terminal,criminal,жена-номинал,оформляет квартиру на себя: получает от мужа и P2P-трейдера и платит застройщику 12 млн в другой банк
100000007358337100,ext_ruslan_t,undeclared,undeclared,,
100000005588197100,ext_anel_k,undeclared,undeclared,,
100000007607836100,ext_meruyert_a,undeclared,undeclared,,
100000002184707100,ext_daniyar_b,undeclared,undeclared,,
100000005660344100,ext_nazerke_zh,undeclared,undeclared,,
100000006076439100,ext_aleksandr_m,undeclared,undeclared,,
100000007693530100,ext_bekzhan_o,undeclared,undeclared,,
100000008096822100,h_borrower_saltanat,peripheral,legit,заёмщица ломбарда,заложила золото; вернула займ
100000004443086100,h_borrower_kostya,peripheral,legit,заёмщик ломбарда,заложил ноутбук
100000003306014100,h_borrower_aizhan,peripheral,legit,заёмщица ломбарда,заложила серьги до зарплаты
100000005236718100,h_driver_farkhad,peripheral,legit,водитель такси,получает выручку; берёт займ в ломбарде
100000000140729100,h_borrower_nurik,peripheral,legit,заёмщик ломбарда,заложил телефон
100000005028927100,h_worker_bolat,peripheral,legit,рабочий-каменщик,зарплата и аванс от стройфирмы; содержит жену
100000005173952100,h_borrower_bekzhan,peripheral,legit,заёмщик ломбарда,заложил инструмент
100000008971100100,h_worker_ruslan,peripheral,legit,сварщик,стройфирма
100000006831712100,h_borrower_marina,peripheral,legit,заёмщица ломбарда,заложила кольцо
100000005901542100,h_appraiser_elmira,peripheral,legit,оценщица ломбарда,зарплата
100000008368190100,h_owner_igor,terminal,legit,владелец ломбарда,личная карта
100000005218587100,h_seller_madina,peripheral,legit,продавщица,дневная смена магазина 3
100000006385640100,h_seller_erlan,peripheral,legit,продавец,ночная смена магазина 3
100000002814892100,h_owner_svetlana,terminal,legit,владелица магазина,выводит прибыль; помогает сыну
100000003478925100,c1_azamat_classmate_beibit,peripheral,legit,одноклассник,кафе
100000004583184100,h_ll4_sister_roza,peripheral,legit,сестра Серика,присматривает за квартирой за вознаграждение
100000001060670100,c1_diana_mother_elmira,peripheral,legit,мать,"продукты, сыну"
100000002850684100,c1_vlad_mother_irina,peripheral,legit,мать закладчика,аптека
100000001302989100,h_ll1_son_nurdaulet,peripheral,legit,сын арендодателя,получает помощь от отца
100000001081939100,h_ll1_daughter_zarema,peripheral,legit,дочь арендодателя,получает помощь на детей
100000002695278100,hub_wedding_hall,consolidator,legit,тойхана,предоплаты за тои; разовые выплаты официантам тамаде и декору
100000000041785100,c2_asem_kanat_wife,peripheral,legit,жена брата,получает от мужа на хозяйство; взнос на той свекрови
100000008493663100,c2_cm_rustem,peripheral,legit,одноклассник-мастер,ставит кондиционеры; взнос на встречу
100000007669950100,c2_rynok_admin,consolidator,legit,администрация рынка,собирает аренду мест со всех точек; платит охране и акимату
100000002309367100,c2_himbyt_supplier,consolidator,legit,оптовик бытовой химии,легальный поставщик: собирает оплату с многих точек рынка; платит зарплаты и фабрике в Алматы
100000006991552100,h_supplier_textile,terminal,legit,оптовик тканей и одежды,Зульфия берёт у него товар
100000000789265100,h_helper_kamila,peripheral,legit,помощница на рынке,продаёт одежду на точке Зульфии
100000006110516100,h_owner_zulfiya,terminal,legit,владелица точки на рынке,выручка с одежды на личную карту
100000006752102100,ext_refund_cust_stall1,undeclared,undeclared,,
100000005203414100,c2_kur_aibek,peripheral,criminal,курьер-семьянин,получает оплату от Серика и сдаёт выручку; содержит жену
100000004058550100,c2_kur_temirlan,peripheral,criminal,курьер-таксист,получает от Серика и сдаёт выручку Канату; параллельно таксует
100000004618879100,c2_aigul_wife,terminal,criminal,жена-кошелёк,получает крупные суммы от мужа и тратит на семью; мебель и золото; часть уводит на депозит в другой банк
100000007036426100,c2_roza_mother,terminal,criminal,мать-хранительница,держит деньги сына на пенсионной карте; собирает взносы родни на той и платит тойхане; одалживает дочери
100000002678921100,c2_alibek_son,peripheral,legit,сын-жених,сын координатора; получает от отца и бабушки на свадьбу и тратит
100000004614220100,c2_bolat_cousin,peripheral,legit,двоюродный брат-таксист,занял у Серика на ремонт мотора и возвращает частями; комиссия таксопарку
100000008362646100,c2_cm_dias,peripheral,legit,одноклассник,занял у Серика на аренду и вернул; взнос на встречу
100000007470722100,c2_cm_timur,consolidator,legit,одноклассник-организатор,собрал с одноклассников на встречу выпускников и оплатил кафе (легальный двойник сборщика)
100000000953323100,c2_bakyt_helper,peripheral,legit,продавец на точке,наёмный продавец на легальной точке Серика
100000006861923100,c2_cm_erzhan,peripheral,legit,одноклассник,Серик вернул ему старый долг; взнос на встречу
100000005335342100,ext_gulzhan_a,undeclared,undeclared,,
100000003767605100,ext_arman_s,undeclared,undeclared,,
100000000830588100,ext_saltanat_b,undeclared,undeclared,,
100000001953110100,ext_pavel_n,undeclared,undeclared,,
100000008236916100,ext_akerke_t,undeclared,undeclared,,
100000007810975100,ext_nurlan_zh,undeclared,undeclared,,
100000007994183100,ext_yana_k,undeclared,undeclared,,
100000007389677100,ext_askhat_m,undeclared,undeclared,,
100000000236842100,ext_dariga_s,undeclared,undeclared,,
100000003226578100,c4_trader2_elena,peripheral,legit,жена трейдера,получает от мужа на хозяйство; иногда возвращает
100000001805098100,ext_roman_b,undeclared,undeclared,,
100000006434420100,ext_aizere_n,undeclared,undeclared,,
100000007706118100,ext_bolat_zh,undeclared,undeclared,,
100000004733054100,ext_ekaterina_v,undeclared,undeclared,,
100000006730799100,ext_yersultan_k,undeclared,undeclared,,
100000008347321100,ext_kamila_r,undeclared,undeclared,,
100000002231849100,ext_miras_t,undeclared,undeclared,,
100000008788396100,ext_zhuldyz_a,undeclared,undeclared,,
100000002834205100,ext_dmitriy_s,undeclared,undeclared,,
100000005512688100,ext_aigerim_b,undeclared,undeclared,,
100000006779919100,ext_temirlan_o,undeclared,undeclared,,
100000005494968100,ext_inkar_m,undeclared,undeclared,,
100000005386540100,ext_vladislav_k,undeclared,undeclared,,
100000008837664100,ext_assel_zh,undeclared,undeclared,,
100000000158583100,ext_nurzhan_b,undeclared,undeclared,,
100000002364157100,ext_madina_k,undeclared,undeclared,,
100000000608525100,ext_ilya_t,undeclared,undeclared,,
100000008110961100,ext_togzhan_s,undeclared,undeclared,,
100000000536526100,ext_alibek_n,undeclared,undeclared,,
100000008014355100,ext_anastasiya_p,undeclared,undeclared,,
100000002439316100,ext_zhasulan_t,undeclared,undeclared,,
100000006637135100,ext_laura_m,undeclared,undeclared,,
100000003721921100,ext_beibit_a,undeclared,undeclared,,
100000002444060100,ext_aida_s,undeclared,undeclared,,
100000007706736100,ext_denis_zh,undeclared,undeclared,,
100000003433126100,ext_sabina_k,undeclared,undeclared,,
100000001155353100,ext_ayan_b,undeclared,undeclared,,
100000003510151100,ext_symbat_o,undeclared,undeclared,,
100000006126642100,ext_artem_l,undeclared,undeclared,,
100000000836057100,ext_aliya_t,undeclared,undeclared,,
100000008827709100,c4_client_temirlan,peripheral,legit,студент,мелкие покупки USDT на деньги от отца
100000002233089100,ext_yerzhan_s,undeclared,undeclared,,
100000002163185100,ext_balnur_m,undeclared,undeclared,,
100000005280840100,ext_konstantin_d,undeclared,undeclared,,
100000008662183100,ext_diana_zh,undeclared,undeclared,,
100000004258831100,ext_sanzhar_a,undeclared,undeclared,,
100000008475938100,ext_aisulu_k,undeclared,undeclared,,
100000001278084100,ext_evgeniy_r,undeclared,undeclared,,
100000004993291100,ext_zhanerke_b,undeclared,undeclared,,
100000001079496100,ext_abylay_t,undeclared,undeclared,,
100000004294335100,ext_nargiz_s,undeclared,undeclared,,
100000005140456100,ext_oleg_m,undeclared,undeclared,,
100000002503349100,ext_kundyz_a,undeclared,undeclared,,
100000003758167100,ext_rustem_n,undeclared,undeclared,,
100000006512080100,ext_ulbolsyn_zh,undeclared,undeclared,,
100000001127306100,ext_nikita_s,undeclared,undeclared,,
100000000575430100,ext_dinara_b,undeclared,undeclared,,
100000006043599100,ext_azamat_k,undeclared,undeclared,,
100000005298347100,ext_perizat_o,undeclared,undeclared,,
100000005165700100,ext_gleb_a,undeclared,undeclared,,
100000006063503100,ext_raushan_t,undeclared,undeclared,,
100000004036246100,ext_adilet_m,undeclared,undeclared,,
100000005741256100,ext_elmira_s,undeclared,undeclared,,
100000002435142100,ext_valeriy_zh,undeclared,undeclared,,
100000007321064100,c2_neighbor_maira,peripheral,legit,соседка-торговка,овощная точка на рынке; покупает у Серика; мелкие займы с Айгуль и Бибигуль
100000006498904100,c2_dinara_yerbol_wife,peripheral,legit,жена брата курьера,хозяйство
100000001581659100,h_tutor_math_bauyrzhan,peripheral,legit,репетитор математики,учебный центр
100000008159299100,h_tutor_eng_aruzhan,peripheral,legit,репетитор английского,учебный центр
100000002615671100,h_tutor_ent_nazerke,peripheral,legit,репетитор ЕНТ,учебный центр
100000006547450100,h_tutor_kaz_gulnaz,peripheral,legit,репетитор казахского,учебный центр
100000004032927100,h_owner_asem,peripheral,legit,владелица учебного центра,личная карта
100000004656346100,c3_drop_ilya,transit,criminal,дроп (безработный),второй слой; иногда отдаёт сразу сборщику
100000003105346100,c3_drop_ersultan,transit,criminal,дроп (студент),третий слой; через него идут крупные суммы
100000000284483100,c3_starosta_madina,consolidator,legit,староста группы,собирает с одногруппников на курс и оплачивает учебный центр
100000005492302100,c3_podruga_aruzhan,peripheral,legit,подруга дропа,мелкие расходы
100000001067597100,c3_drop_tomiris,transit,criminal,дроп (студентка),второй слой транзита
100000001619773100,c3_drop_saule,transit,criminal,дроп (безработная мать),третий слой; платит аренду квартиры
100000002583013100,c3_drug_beka,peripheral,legit,друг дропа (таксист),занял и вернул
100000005817944100,c3_papa_beka,peripheral,legit,отец дропа,даёт карманные и платит за машину
100000007741767100,c3_hozyaika_raushan,consolidator,legit,хозяйка квартиры,сдаёт комнаты четырём студенткам и собирает аренду; платит коммуналку и помогает сыну
100000005805515100,c3_apa_nazerke,peripheral,legit,бабушка дропа,делится пенсией с внучкой
100000001199918100,c3_zhena_samat,peripheral,legit,жена дропа,бытовые траты
100000004474179100,c3_ip_zhanar_dostavka,distributor,legit,ИП доставка еды,получает выручку агрегатора и платит курьерам еженедельно веером; курьеры сдают наложенный платёж
100000001603268100,c3_drop_gulnaz,transit,criminal,дроп (безработная),третий слой; сливает на обоих сборщиков
100000000619995100,c3_mama_dana,peripheral,legit,мать дропа,содержит двух дочерей
100000008009888100,c3_boss_kairat,coordinator,criminal,организатор,получает со сборщиков; платит кассе и вербовщику; выводит через P2P и межбанк; покупает машину и мебель
100000001335777100,c3_bolat_depozit,terminal,criminal,депозит сборщика,накопительный счёт сборщика; исходящих нет
100000002046238100,c3_zhena_bolat,peripheral,legit,жена сборщика,тратит то что даёт муж: мебель и салон
100000001767387100,h_driver_asylbek,peripheral,legit,водитель такси,получает выручку от парка; платит аренду машины
100000008347541100,h_driver_nurken,peripheral,legit,водитель такси,получает выручку от парка
100000001295588100,h_driver_yevgeniy,peripheral,legit,водитель такси,получает выручку от парка
100000007101717100,h_driver_rauan,peripheral,legit,водитель такси,получает выручку; жена ведёт семейный бюджет
100000007572166100,h_driver_bakhyt,peripheral,legit,водитель такси,получает выручку от парка
100000006337034100,h_driver_zhomart,peripheral,legit,водитель такси,получает выручку от парка
100000006206822100,h_driver_islam,peripheral,legit,водитель такси,получает выручку; снимает квартиру у Бахытжан-ага
100000004481830100,h_driver_saken,peripheral,legit,водитель такси,получает выручку от парка
100000005266189100,h_driver_andrey,peripheral,legit,водитель такси,получает выручку от парка
100000000997352100,h_driver_meirambek,peripheral,legit,водитель такси,получает выручку от парка
100000008208947100,h_driver_aibek,peripheral,legit,водитель такси,новенький; выплат мало
100000006961648100,h_dispatcher_oksana,peripheral,legit,диспетчер таксопарка,зарплата от парка
100000000741099100,h_owner_daulet,terminal,legit,владелец таксопарка,прибыль парка; сын покупает машину
100000006057253100,c3_sestra_arman,peripheral,legit,сестра закладчика,учёба
100000003576799100,c3_mama_zhanibek,peripheral,legit,мать дропа,содержит сына
100000000598090100,h_seller_aigerim,peripheral,legit,продавщица,зарплата в магазине 1; помогает маме
100000004651689100,h_seller_dana,peripheral,legit,продавщица,зарплата в магазине 1
100000007516543100,h_owner_gulnara,terminal,legit,владелица магазина,выводит прибыль магазина на личную карту и содержит дочь-студентку
100000000871830100,c3_sbor_kamila,consolidator,criminal,второй сборщик (девушка босса),собирает с части третьего слоя и переводит боссу и P2P-трейдеру
100000007718064100,c3_drop_vlad,transit,criminal,дроп (студент),третий слой; отдаёт сборщикам или на четвёртый слой
100000003721938100,c3_sestra_moldir,peripheral,legit,сестра дропа,одалживает и получает обратно
100000002768335100,c3_drug_kanat,peripheral,legit,друг дропа,мелкие траты
100000001499923100,c3_mama_askhat,peripheral,legit,мать дропа,бытовые траты
100000008273518100,c4_drop_dauren,transit,criminal,дроп,получает от южного координатора и за 1 день переводит в P2P-обменник сети
100000003948796100,c4_dealer_marat,consolidator,criminal,мелкооптовый дилер,собирает выручку от южного оператора; сдаёт южному координатору; часть меняет в USDT
100000002052794100,c4_mechanic_helper_erzhan,peripheral,legit,работник СТО,получает зарплату от автомеханика
100000003267148100,c4_dealer_zhanat,consolidator,criminal,мелкооптовый дилер,собирает оплату от операторов телеграм-магазина и покупателей; сдаёт северному координатору
100000004835595100,c4_ruslan_wife_kamila,peripheral,legit,жена координатора,домохозяйка; тратит деньги мужа на быт и мебель; не в курсе
100000003260900100,c4_drop_aigerim,transit,criminal,дроп-студентка,получает от северного координатора и на следующий день переводит оптовику за вычетом комиссии
100000006206034100,ext_azs_helios_card,undeclared,undeclared,,
100000004567434100,ext_driver_zhomart,undeclared,undeclared,,
100000004147405100,ext_driver_vasiliy,undeclared,undeclared,,
100000006959318100,c5_kur_adil,peripheral,criminal,курьер,получает от агентства; покупки и USDT
100000008736978100,c5_kur_zhandos,peripheral,criminal,курьер,получает от агентства; одалживает другу-курьеру Ринату
100000006667872100,c5_kur_maksat,peripheral,criminal,курьер,получает от агентства; мать и новый телефон
100000000256289100,c5_kur_askar,peripheral,criminal,курьер,получает от агентства; сдаёт выручку в кассу; задаток за авто
100000008746818100,c5_kur_azamat,peripheral,criminal,курьер,получает от агентства; мать
100000000797319100,c5_kur_sultan,peripheral,criminal,курьер,получает от агентства крупнее других; аренда и жена
100000008968142100,c5_zak_aruzhan,peripheral,criminal,закладчица,получает от агентства; аренда и мать
100000008745360100,c5_kur_vadim,peripheral,criminal,курьер,получает от агентства; вернул излишек; девушка и USDT
100000002861441100,c5_fict_bakhyt,transit,criminal,мёртвая душа,фиктивная зарплата уходит P2P-трейдеру в USDT
100000007234551100,c5_fict_serik,transit,criminal,мёртвая душа,фиктивная зарплата уходит P2P-трейдеру в USDT
100000007769978100,c5_kur_rinat,peripheral,criminal,курьер,получает от агентства; возвращает долг Жандосу
100000007032902100,c5_kur_timur,peripheral,criminal,курьер,получает от агентства; спортзал и USDT
100000008881433100,c5_kur_alisher,peripheral,criminal,курьер,получает от агентства; мать
100000007695850100,c5_zak_tomiris,peripheral,criminal,закладчица,получает от агентства; передаёт подруге-закладчице Зарине
100000003067170100,c5_kur_kirill,peripheral,criminal,курьер,получает от агентства и от Дениса; аренда
100000003069511100,c5_nominee_bolat,peripheral,criminal,подставной директор,номинальный директор агентства; получает фиксированные 70 тыс в месяц дважды
100000008898371100,c5_fict_zhanar,transit,criminal,мёртвая душа,фиктивная зарплата пересылается жене организатора
100000007167694100,c5_fict_student_abylai,transit,criminal,студент-дроп,продал карту; фиктивная зарплата уходит жене организатора
100000001652583100,c5_kur_bauyrzhan,peripheral,criminal,курьер,получает от агентства; семья и запчасти
100000008734340100,c5_kur_erasyl,peripheral,criminal,курьер,получает от агентства; ломбард и друг-курьер
100000006351030100,c5_zak_dilnaz,peripheral,criminal,закладчица,получает от агентства; сдаёт выручку в кассу
100000008258097100,c5_kur_artem,peripheral,criminal,курьер,получает от агентства; мелкие покупки
100000008274422100,c5_fict_oksana,transit,criminal,мёртвая душа,фиктивная зарплата пересылается жене организатора
100000004374933100,c5_fict_yerbol,transit,criminal,мёртвая душа,фиктивная зарплата пересылается организатору и его жене
100000008217637100,c5_legal_office_mgr_aliya,peripheral,legit,офис-менеджер,реальный сотрудник агентства (прикрытие); сын и ипотека
100000005897455100,c5_legal_cleaner_raisa,peripheral,legit,уборщица,реальный сотрудник агентства; аптека и дочь
100000004504063100,c5_legal_driver_sergey,peripheral,legit,водитель,реальный сотрудник агентства; жена и запчасти
100000008494774100,c5_legal_hr_dana,peripheral,legit,HR-менеджер,реальный сотрудник агентства; переводит мужу на его ИП
100000003737756100,c5_legal_accountant_elmira,peripheral,legit,бухгалтер,реальный сотрудник агентства по белой части; мать и мебель
100000008928288100,c5_legal_recruiter_kanat,peripheral,legit,рекрутер,реальный сотрудник агентства; оклад и бонус за найм
100000001265508100,c5_legal_security_valery,peripheral,legit,охранник,реальный сотрудник агентства; сын и аптека
100000008766119100,c5_kur_beibit,peripheral,criminal,курьер,получает от агентства; мать
100000002435832100,c5_kur_ilyas,peripheral,criminal,курьер,получает от агентства; отдаёт долг другу
100000005899538100,c5_kur_denis,peripheral,criminal,курьер,получает от агентства; передаёт другу-курьеру Кириллу
100000003421914100,c5_fict_gulnar_pens,transit,criminal,мёртвая душа (пенсионерка),фиктивная зарплата от агентства за 1 день уходит жене организатора
100000008649782100,c5_fict_asel,transit,criminal,мёртвая душа,фиктивная зарплата пересылается организатору
100000003300046100,c5_fict_kuanysh,transit,criminal,мёртвая душа,фиктивная зарплата пересылается организатору
100000003553401100,c5_fict_meruert,transit,criminal,мёртвая душа,фиктивная зарплата пересылается жене организатора
100000007532593100,c5_fict_lyazzat,transit,criminal,мёртвая душа,фиктивная зарплата пересылается жене организатора
100000007024726100,c5_kur_nurbol,peripheral,criminal,курьер,получает от агентства; аренда и сестра
100000000485626100,c5_zak_zarina,peripheral,criminal,закладчица,получает от агентства и от Томирис; мать
100000002924075100,c5_kur_novice_dima,peripheral,criminal,курьер-новичок,две выплаты от агентства
100000001459258100,c5_legal_loader_ruslanbek,peripheral,legit,грузчик,реальный работник по договору; семья в другом банке
100000008013566100,c5_legal_loader_zhaksylyk,peripheral,legit,грузчик,реальный работник по договору; аренда
100000008694898100,c5_fict_rauan,transit,criminal,мёртвая душа,крупная фиктивная зарплата пересылается организатору
100000003873668100,c5_fict_gaukhar,transit,criminal,мёртвая душа,фиктивная зарплата пересылается организатору
100000000374191100,c5_kur_dinmukhamed,peripheral,criminal,курьер,получает от агентства; мать
100000000825869100,c5_kur_samat,peripheral,criminal,курьер,получает от агентства; жена и запчасти
100000005792136100,c5_fict_student_dana,transit,criminal,студентка-дроп,фиктивная зарплата возвращается в кассу (цикл)
100000006766341100,c5_kur_novice_aibek,peripheral,criminal,курьер-новичок,испытательный срок; мелкие выплаты от агентства
100000004523711100,c5_kur_novice_zhasulan,peripheral,criminal,курьер-новичок,разовая выплата от агентства; отправляет матери в другой банк
100000002098480100,c5_kur_novice_ernur,peripheral,criminal,курьер-новичок,испытательный срок; две выплаты от агентства
100000005888995100,c5_kur_novice_bota,peripheral,criminal,курьер-новичок,разовая выплата от агентства
100000006419812100,c5_kur_novice_amir,peripheral,criminal,курьер-новичок,разовая выплата в конце месяца
100000004768516100,c5_mom_yerlan,peripheral,legit,мать,получает от сына
100000008404582100,h_ll2_wife_kamshat,peripheral,legit,жена Алмаса,семейные траты
100000007898984100,c5_buh_saule,transit,criminal,бухгалтер-дроп,получает от кассы и за 0-1 день перегоняет на счёт агентства оставляя около 1.5 процента
100000002850332100,c5_boss_ermek,coordinator,criminal,организатор ячейки,получает от кассы и от фиктивных сотрудников; докидывает агентству и премирует старшего; тратит на авто и той
100000001871187100,c5_gf_olzhas,peripheral,legit,девушка курьера,покупки на рынке
100000007162159100,h_supplier_pharma,terminal,legit,фармдистрибьютор,поставки аптеке
100000005759877100,h_pharmacist_gulmira,peripheral,legit,фармацевт,аптека Раушан
100000003459261100,h_pharmacist_timofey,peripheral,legit,фармацевт,аптека Раушан
100000006546097100,h_owner_raushan,terminal,legit,владелица аптеки,личная карта
100000007981409100,c5_kur_nurlybek,peripheral,criminal,курьер,получает от старшего курьера Марата; мать
100000004558693100,c5_wife_marat,peripheral,criminal,жена старшего курьера,получает часть денег мужа; быт и мебель
100000001674593100,c6_erlan_girl_diana,peripheral,legit,девушка транзитёра,подарки от парня
100000005463655100,c6_cr_kurator,coordinator,criminal,куратор,получает от сборщика и транзитёра; платит зарплаты Руслану Ерлану и курьеру; выводит бенефициару и в USDT
100000003311327100,c6_supp_meat_kairbek,peripheral,legit,поставщик мяса,еженедельная оплата от кафе; платит фермеру и помощнику
100000002233597100,c6_supp_veg_farida,peripheral,legit,поставщица овощей,еженедельная оплата от кафе
100000003189562100,c6_cafe_owner_serik,peripheral,legit,владелец кафе,снимает выручку еженедельно; докладывает в кафе; купил б/у машину для доставки
100000005056992100,c6_cafe_cook_roza,peripheral,legit,повар кафе,зарплата дважды в месяц; аренда
100000005618886100,c6_cafe_waiter_aibek,peripheral,legit,официант кафе,зарплата дважды в месяц
100000004708204100,c6_cafe_waitress_moldir,peripheral,legit,официантка кафе,зарплата дважды в месяц
100000008937567100,c6_cafe_dish_zina,peripheral,legit,посудомойка кафе,зарплата дважды в месяц; помогает дочери
100000005969964100,c6_fam_saltanat,peripheral,legit,жена Ержана,хозяйство взнос на той
100000003822717100,c6_fam_erzhan,peripheral,legit,отец Даны,сын бабушки; содержит дочь-студентку; займы с братом туда-обратно
100000006531423100,c6_ruslan_mama,peripheral,legit,мать транзитёра,получает деньги от сына
100000007330610100,c6_timur_sister_malika,peripheral,legit,сестра грузчика,получила деньги от мамы
100000004096705100,c6_wrk_rustam,peripheral,legit,рабочий бригады,зарплата по пятницам; аренда
100000003665449100,c6_wrk_ermek,peripheral,legit,рабочий бригады,зарплата раз в неделю; отдаёт жене
100000000672931100,c6_wrk_zhandos,peripheral,legit,рабочий бригады,зарплата; аренда; займ коллеге
100000005032087100,c6_wrk_beibit,peripheral,legit,рабочий бригады,зарплата раз в неделю
100000001956589100,c6_wrk_samat,peripheral,legit,рабочий бригады,зарплата; жене; выкупил золото из ломбарда
100000003152996100,c6_wrk_oleg,peripheral,legit,сварщик бригады,зарплата раз в неделю; жене
100000000688916100,c6_wrk_sergey,peripheral,legit,рабочий бригады,зарплата; аренда; алименты
100000006554261100,c6_wrk_akmal,transit,legit,рабочий-мигрант,собирает доли аренды с соседей по комнате и платит хозяину — легальный пропускной счёт; отправляет семье
100000004153685100,c6_wrk_farrukh,peripheral,legit,рабочий-мигрант,зарплата; доля аренды Акмалю; отправляет семье
100000002507382100,c6_wrk_dilshod,peripheral,legit,рабочий-мигрант,зарплата; доля аренды Акмалю; отправляет семье
100000006569602100,c6_wrk_gani,peripheral,legit,рабочий бригады,зарплата; обеды в кафе; жене
100000002244533100,c6_wrk_azamat,peripheral,legit,рабочий бригады,уволился в середине июля; аренда
100000002158103100,c6_wrk_kuanysh,peripheral,legit,рабочий бригады,зарплата; жене
100000002448148100,c6_wrk_zhenis,peripheral,legit,рабочий бригады,зарплата; гасит ломбард
100000001589144100,c6_wrk_islam,peripheral,legit,рабочий бригады,зарплата; курсы
100000008889161100,c6_wrk_abylai,peripheral,legit,рабочий бригады,зарплата; друг Даулета
100000003809958100,c6_brig_wife_zhibek,peripheral,legit,жена бригадира,хозяйство курсы детей мама
100000005616319100,c6_wrk_nurken,peripheral,legit,рабочий бригады,зарплата раз в две недели; отправляет семье в Туркестан
100000008207600100,c6_wrk_meiram,peripheral,legit,рабочий бригады,зарплата раз в две недели; купил старую машину
100000003551496100,c6_wrk_talgat,peripheral,legit,помощник прораба,зарплата раз в две недели; вернул долг бригадиру
100000006314561100,c6_wrk_yerkin,peripheral,legit,рабочий бригады,пришёл в середине июля
100000002418676100,c6_ainur_sister_gulmira,peripheral,legit,сестра жены таксиста,получила помощь
100000001029131100,c6_fam_klara,peripheral,legit,сестра бабушки,взнос на той и бабушке
100000001376551100,c6_fam_kanat,peripheral,legit,муж Айгуль,даёт жене на хозяйство; взнос на той; корпоратив в кафе
100000004587269100,c6_fam_bolat,peripheral,legit,муж Жанар,переводит накопления с депозита на свадьбу сына
100000005438788100,c6_fam_kuda_zhomart,peripheral,legit,отец невесты (құда),получил қалың мал от Жанар; платит за свою часть банкета и приданое
100000004755102100,c6_toi_tamada_bauyrzhan,peripheral,legit,тамада,получил предоплату и расчёт за той; платит музыканту
100000000609460100,c6_toi_photo_akbota,peripheral,legit,фотограф,получила оплату за съёмку тоя
100000002099032100,c6_fam_miras,peripheral,legit,жених,сын Жанар; сам вкладывается в той; мальчишник в кафе
100000007021703100,c6_fam_gaukhar,peripheral,legit,жена Нурбола,хозяйство курсы дочери
100000004171181100,c6_fam_kairat,peripheral,legit,племянник бабушки,получил возврат долга от Нурбола; взнос на той
100000000118791100,c1_aibek_mother_bakyt,peripheral,legit,мать закладчика,продукты
100000007981164100,c1_miras_sister_aizhan,peripheral,legit,сестра закладчика,студентка
100000002228293100,c1_olzhas_father_temir,peripheral,legit,отец закладчика,ремонт машины
100000006823979100,c1_daniyar_gf_aisulu,peripheral,legit,девушка закладчика,салон
100000006451453100,c1_akbota_mother_gaukhar,peripheral,legit,мать закладчицы,продукты
100000001105900100,c1_gena_mother_tatyana,peripheral,legit,пенсионерка,аптека и коммуналка
100000008626138100,c4_stash_yulia,peripheral,criminal,хранительница склада,получает от оптовика на аренду квартиры-склада и платит арендодателю
100000008403798100,c4_boss_serik,terminal,criminal,бенефициар оптовика,кошелёк организатора: получает крупные суммы от оптовика; тратит на авто через брата и недвижимость через жену; помогает матери
100000008325281100,c4_boss_mother_gulnar,peripheral,legit,мать бенефициара,пенсионерка; получает помощь от сыновей; аптека и продукты
100000005796905100,c1_kamila_sister_aida,peripheral,legit,сестра девушки оператора,оплачивает курсы
100000001759538100,c1_gulnara_sister_bayan,peripheral,legit,тётя оператора,"готовит той внуку, платит тойхане"
100000000034619100,h_supplier_ldsp,terminal,legit,поставщик ЛДСП,плиты и фурнитура мебельному
100000004984883100,h_carpenter_nikolay,peripheral,legit,столяр,мебельный цех
100000004206383100,h_carpenter_zhanibek,peripheral,legit,столяр,мебельный цех
100000007406129100,h_delivery_sultan,peripheral,legit,водитель доставки мебели,сдельно
100000005688182100,h_owner_yerbolat,terminal,legit,владелец мебельного,личная карта
100000006605268100,ext_refund_cust_furn,undeclared,undeclared,,
100000008090425100,h_butcher_amangeldy,peripheral,legit,разделщик мяса,зарплата от мясного цеха
100000001755226100,h_farmer_ermek,peripheral,legit,фермер,поставляет картофель и лук Рустаму
100000002903625100,h_farmer_gulsara,peripheral,legit,фермерша,поставляет огурцы и помидоры Рустаму
100000003864256100,h_loader_bekzat,peripheral,legit,грузчик,разгружает овощи у Рустама
100000007407036100,h_owner_rustam,terminal,legit,владелец овощной точки,личная карта; платит за квартиру и семью
100000002297709100,h_expeditor_yura,peripheral,legit,экспедитор молочки,зарплата от дистрибьютора
100000005550013100,h_fam_saule_son,peripheral,legit,сын повара,школьник-подросток
100000000241108100,h_fam_aidos_wife,peripheral,legit,жена владельца кафе,салон мебель фитнес
100000003292340100,c1_daulet_brother_askhat,peripheral,legit,автолюбитель,запчасти
100000002868976100,c1_gulzhan_son_nurbol,peripheral,legit,двоюродный брат,купил телефон
100000008551713100,c1_asem_mother_zaure,peripheral,legit,пенсионерка,продукты
100000005220772100,c1_raushan_son_ernar,peripheral,legit,школьник,телефон и спортзал
100000007042844100,h_supplier_hardware,consolidator,legit,строительный магазин,метизы и инструмент; платят фирма и прораб
100000005504458100,c1_nurzhan_mother_bibigul,peripheral,legit,пенсионерка,аптека и продукты
100000008119653100,c1_klara_son_marlen,peripheral,legit,шурин закладчика,"спортзал, девушка"
100000003668460100,c1_serikbay_daughter_ainur,peripheral,legit,студентка,салон и кафе
100000007775438100,c1_dinara_mother_raisa,peripheral,legit,пенсионерка,аптека и продукты
100000003848348100,c1_sholpan_neighbor_valentina,peripheral,legit,соседка,пенсионерка
100000004334741100,c1_moldir_friend_saltanat,peripheral,legit,подруга,"кафе, брату"
100000007893626100,ext_olga_s,undeclared,undeclared,,
100000006715337100,ext_aidar_k,undeclared,undeclared,,
100000003990347100,ext_zarina_t,undeclared,undeclared,,
100000002668475100,ext_erlan_zh,undeclared,undeclared,,
100000008160849100,ext_kristina_m,undeclared,undeclared,,
100000000722904100,ext_serik_b,undeclared,undeclared,,
100000000558694100,ext_aigul_n,undeclared,undeclared,,
100000000311934100,c4_client_erbol,peripheral,legit,инженер-инвестор,зарплата на карту; покупает USDT у обоих трейдеров
100000004766396100,ext_detsad_balapan,undeclared,undeclared,,
100000000395480100,c4_realtor_zarina,peripheral,legit,риелтор,получает комиссию от жены бенефициара и от обычных клиентов
100000007953073100,h_friend_dmitriy,peripheral,legit,друг таксистов,занимает и возвращает долги
100000006021631100,h_fam_bolat_wife,peripheral,legit,жена рабочего,продукты аптека кружок ребёнка
100000007706606100,h_friend_arnur,peripheral,legit,друг рабочих,занимает и возвращает долги
100000006781243100,c1_elmira_son_arsen,peripheral,legit,школьник,телефон
100000006457996100,h_chef_zhaksylyk,peripheral,legit,шеф-повар тойханы,зарплата плюс за каждый той
100000000593438100,h_toi_waiter_dilnaz,peripheral,legit,официантка на тои,разовые выплаты за вечер
100000002931945100,h_toi_waiter_yerasyl,peripheral,legit,официант на тои,разовые выплаты за вечер
100000000264593100,h_toi_waiter_amina,peripheral,legit,официантка на тои,разовые выплаты за вечер
100000003760406100,h_toi_waiter_nursultan,peripheral,legit,официант на тои,разовые выплаты за вечер
100000003207177100,h_toastmaster_kenzhe,terminal,legit,тамада,получает гонорар за тои
100000008646377100,h_singer_aigul,terminal,legit,певица,гонорар за тои
100000002402511100,h_decor_lyaila,peripheral,legit,декоратор,оформление залов
100000002455466100,h_toi_waiter_sabina,peripheral,legit,официантка на тои,разовые выплаты за вечер
100000002668228100,h_toi_waiter_akbota,peripheral,legit,официантка на тои,разовые выплаты за вечер
100000002765974100,h_manager_aizada,peripheral,legit,менеджер тойханы,зарплата
100000006702381100,ext_client_refund_toi,undeclared,undeclared,,
100000006694209100,h_owner_berik,terminal,legit,владелец тойханы,крупный вывод прибыли после сезона тоев
100000001225660100,c2_dilnaz_asem_sister,peripheral,legit,сестра невестки,бытовые траты и возврат займа сестре
100000006818684100,c2_rynok_guard_kairat,peripheral,legit,охранник рынка,зарплата от администрации
100000003924607100,hub_construction_firm,distributor,legit,стройфирма,ТОО строит жилой дом; веер зарплат на 44 рабочих плюс аванс; легальный двойник дистрибьютора
100000003377716100,c2_himbyt_loader_samat,peripheral,legit,грузчик,зарплата у оптовика
100000004404725100,c2_himbyt_cashier_aliya,peripheral,legit,кассир,зарплата у оптовика
100000000769043100,c2_aibek_wife_kamila,peripheral,legit,жена курьера,хозяйство и курсы ребёнку
100000008214471100,c2_temirlan_friend_sanzhar,peripheral,legit,друг курьера,отдаёт долг частями
100000001177562100,c2_saule_aigul_sister,peripheral,legit,сестра жены,заняла у сестры; аренда квартиры и хозяйство
100000001566291100,c2_nurila_aigul_mother,peripheral,legit,тёща координатора,пенсионерка; получает от дочери; взнос на той как кудагай
100000004273158100,c2_cm_gaukhar,peripheral,legit,одноклассница-кондитер,печёт торты на заказ; взнос на встречу
100000005006016100,c2_gulnar_sister,peripheral,legit,сестра координатора,заняла у матери на ноутбук сыну и возвращает; взнос на той
100000000067615100,c2_madina_bride,peripheral,legit,невеста,невеста сына координатора; подготовка к свадьбе
100000005494884100,c2_zhanar_bolat_wife,peripheral,legit,жена Болата,хозяйство и репетитор ребёнку
100000000397171100,c2_timur_wife_ayim,peripheral,legit,жена Тимура,хозяйство
100000006224530100,c2_bakyt_mother_sholpan,peripheral,legit,пенсионерка,получает от сына
100000004233716100,ext_dosym_temirlan,undeclared,undeclared,,
100000001491396100,c3_mama_ilya,peripheral,legit,мать дропа,бытовые траты
100000000033971100,c3_drug_ersultan,peripheral,legit,друг дропа,мелкие траты
100000008661175100,c3_mama_tomiris,peripheral,legit,мать дропа,содержит дочь
100000005877005100,c3_mama_saule,peripheral,legit,мать дропа,помогает дочери с внуком
100000004098607100,c3_syn_raushan,peripheral,legit,сын хозяйки,получает помощь от матери
100000002531954100,c3_mama_samat,peripheral,legit,мать дропа,бытовые траты
100000002588052100,c3_dostavshik_erbolat,peripheral,legit,курьер доставки,зарплата от ИП и аренда машины
100000007176018100,c3_dostavshik_ainur,peripheral,legit,курьер доставки,зарплата от ИП; аренда квартиры
100000008626099100,c3_dostavshik_dias,peripheral,legit,курьер доставки,зарплата от ИП; сдаёт наложенный платёж
100000008275056100,c3_dostavshik_zhenis,peripheral,legit,курьер доставки,зарплата от ИП; немного покупает USDT для себя
100000008355757100,c3_dostavshik_olzhas,peripheral,legit,курьер доставки,зарплата от ИП; сдаёт наложенный платёж
100000001178656100,c3_mama_gulnaz,peripheral,legit,мать дропа,бытовые траты
100000002602906100,c3_sestra_dana,peripheral,legit,сестра дропа,учёба
100000002641849100,c3_verbovshik_ilyas,coordinator,criminal,вербовщик дропов,платит дропам за аренду карт и бонусы; принимает штрафы; связывает дропов с боссом
100000000153765100,c3_kassa_zp,distributor,criminal,касса зарплат,карта для еженедельной зарплаты закладчикам веером
100000008472440100,c3_kairat_depozit,terminal,criminal,депозит босса,накопительный счёт; деньги остаются
100000004683299100,c3_mama_kairat,peripheral,legit,мать организатора,получила от сына и внесла предоплату за той
100000005501077100,c3_mama_zhena_bolat,peripheral,legit,тёща сборщика,бытовые траты
100000007769450100,h_fam_rauan_wife,peripheral,legit,жена таксиста,продукты аптека
100000004930855100,h_fam_daulet_son,peripheral,legit,сын владельца таксопарка,покупает машину у перекупа
100000002090900100,h_fam_aigerim_mother,peripheral,legit,мама продавщицы,аптека
100000001654660100,h_fam_gulnara_daughter,peripheral,legit,дочь владелицы магазина,студентка; снимает комнату у Ларисы
100000007573442100,c3_mama_kamila,peripheral,legit,мать второго сборщика,бытовые траты
100000005985876100,c3_drop_miras,transit,criminal,дроп (студент),четвёртый слой; однажды затормозил на 6 дней и часть потратил; вернул штраф вербовщику
100000008369868100,c5_mom_maksat,peripheral,legit,мать,аптека
100000007951934100,c5_mom_azamat,peripheral,legit,мать,аптека
100000001413842100,c5_wife_sultan,peripheral,legit,жена,мебель и продукты
100000001317728100,c5_mom_aruzhan,peripheral,legit,мать,продукты
100000003964203100,c5_gf_vadim,peripheral,legit,девушка курьера,салон и телефон
100000002751465100,c5_mom_alisher,peripheral,legit,мать,продукты
100000004746740100,c5_boss_wife_aigerim,terminal,criminal,кошелёк бенефициара,жена организатора; на неё сводят зарплаты мёртвых душ; покупки мебели и золота и депозит
100000008327936100,c5_wife_bauyrzhan,peripheral,legit,жена,хозяйство и учебный центр
100000008824766100,c5_son_aliya,peripheral,legit,сын-студент,кафе и спортзал
100000005096135100,c5_daughter_raisa,peripheral,legit,дочь,продукты
100000005522024100,c5_wife_sergey,peripheral,legit,жена,продукты и репетитор
100000001014612100,c5_husband_dana_ip,distributor,legit,ИП клининг,легальный двойник: получает от клиентов и платит зарплату 7 уборщицам дважды в месяц
100000005766699100,c5_mom_elmira,peripheral,legit,мать,аптека
100000008850179100,c5_uncle_kanat,peripheral,legit,дядя,запчасти
100000006676164100,c5_son_valery,peripheral,legit,сын,спортзал
100000006264445100,c5_mom_beibit,peripheral,legit,мать,продукты
100000002070073100,c5_friend_ilyas,peripheral,legit,друг,вернули долг; рынок
100000003491781100,c5_sis_nurbol,peripheral,legit,сестра,кафе
100000007794613100,c5_mom_zarina,peripheral,legit,мать,аптека
100000005628219100,c5_mom_dinmukhamed,peripheral,legit,мать,продукты
100000004605116100,c5_wife_samat,peripheral,legit,жена,продукты и рынок
100000004050993100,c5_mom_nurlybek,peripheral,legit,мать,продукты
100000004190280100,c6_cr_boss_wallet,terminal,criminal,кошелёк бенефициара,деньги оседают: мебель предоплата за машину помощь сестре
100000001148196100,c6_supp_meat_helper_ermukhan,peripheral,legit,помощник мясника,зарплата от поставщика
100000003161487100,c6_cafe_owner_wife_dinara,peripheral,legit,жена владельца кафе,хозяйство курсы детей мама
100000007331584100,c6_zina_daughter_lena,peripheral,legit,дочь посудомойки,получает помощь от мамы
100000005148053100,c6_fam_alibek,peripheral,legit,племянник Ержана,получил за помощь с ремонтом; взнос на той
100000000771983100,c6_wrk_ermek_wife_aigerim,peripheral,legit,жена рабочего,аренда хозяйство помогает сестре
100000004991273100,c6_wrk_samat_wife_nazym,peripheral,legit,жена рабочего,хозяйство
100000002337192100,c6_wrk_oleg_wife_irina,peripheral,legit,жена сварщика,хозяйство
100000000260260100,c6_wrk_akmal_brother_jasur,peripheral,legit,брат рабочего,получил немного на жизнь
100000006552619100,c6_wrk_gani_wife_saniya,peripheral,legit,жена рабочего,хозяйство
100000008481821100,c6_wrk_kuanysh_wife_ainura,peripheral,legit,жена рабочего,хозяйство
100000001801742100,c6_zhibek_mama_rysty,peripheral,legit,тёща бригадира,получает помощь
100000007431194100,c6_fam_aruzhan,peripheral,legit,невеста,получила от отца и жениха на подготовку
100000005024150100,c6_toi_musician_ertay,peripheral,legit,музыкант,получил от тамады
100000008225294100,c1_tatyana_neighbor_lyudmila,peripheral,legit,соседка пенсионерка,заняла у соседки на лекарства
100000000762825100,c4_boss_brother_arman,transit,criminal,брат-покупатель авто,получает 6.5 млн от брата и на следующий день платит перекупу за машину
100000008059796100,c1_aida_classmate_togzhan,peripheral,legit,однокурсница,делят оплату курса
100000006044657100,c1_bayan_grandson_alikhan,peripheral,legit,родственник,"студент, карманные расходы"
100000002199716100,c1_marlen_gf_tomiris,peripheral,legit,девушка,салон
100000000260064100,c1_raisa_son_bakhyt,peripheral,legit,брат жены куратора,ремонт машины
100000001771153100,c1_saltanat_brother_dauren,peripheral,legit,брат подруги,продукты
100000006231335100,h_worker_daniyar,peripheral,legit,рабочий-арматурщик,стройфирма; жена
100000002703143100,h_worker_galym,peripheral,legit,рабочий,стройфирма
100000000384734100,c1_arsen_friend_bekarys,peripheral,legit,школьник,друг
100000007997524100,h_worker_erbol,peripheral,legit,рабочий,стройфирма
100000008668300100,h_worker_nurzhan,peripheral,legit,рабочий,стройфирма; помогает брату-студенту
100000003472519100,h_worker_kairat,peripheral,legit,рабочий,стройфирма; отправляет маме в аул
100000007862968100,h_worker_yerlan,peripheral,legit,рабочий,стройфирма
100000007761856100,h_worker_sanzhar,peripheral,legit,рабочий,стройфирма
100000008014666100,h_worker_talgat,peripheral,legit,бригадир каменщиков,стройфирма; жена
100000003205821100,h_worker_murat,peripheral,legit,рабочий,стройфирма
100000008006495100,h_worker_askhat,peripheral,legit,рабочий,стройфирма
100000001975406100,h_worker_zhasulan,peripheral,legit,рабочий,стройфирма
100000008080308100,h_worker_beibit,peripheral,legit,рабочий,стройфирма
100000007289299100,h_worker_dauren,peripheral,legit,крановщик,стройфирма
100000006260765100,h_worker_ilyas,peripheral,legit,рабочий,стройфирма
100000007533445100,h_worker_madi,peripheral,legit,рабочий,стройфирма; жена
100000008342570100,h_worker_nurlybek,peripheral,legit,рабочий,стройфирма
100000000398466100,h_worker_olzhas,peripheral,legit,рабочий,стройфирма
100000004794122100,h_worker_rinat,peripheral,legit,рабочий,стройфирма
100000008862661100,h_worker_samat,peripheral,legit,рабочий,стройфирма
100000004290740100,h_worker_temirlan,peripheral,legit,рабочий,стройфирма
100000008906099100,h_worker_ulan,peripheral,legit,рабочий,стройфирма
100000001653757100,h_worker_zhenis,peripheral,legit,рабочий,стройфирма
100000004614441100,h_worker_adilet,peripheral,legit,рабочий,стройфирма
100000008795129100,h_worker_aslan,peripheral,legit,рабочий,стройфирма
100000004543500100,h_worker_baurzhan,peripheral,legit,рабочий,стройфирма
100000000816342100,h_worker_dias,peripheral,legit,рабочий,стройфирма
100000002297934100,h_worker_yerkebulan,peripheral,legit,рабочий,стройфирма
100000006563845100,h_worker_kuanysh,peripheral,legit,рабочий,стройфирма
100000003870042100,h_worker_maksat,peripheral,legit,рабочий,стройфирма
100000001748906100,h_worker_nurbek,peripheral,legit,рабочий,стройфирма
100000003878385100,h_worker_serikbol,peripheral,legit,рабочий,стройфирма
100000007266439100,h_worker_abylai,peripheral,legit,рабочий,стройфирма
100000003092685100,h_worker_arman,peripheral,legit,рабочий,стройфирма
100000007168955100,h_worker_bekarys,peripheral,legit,рабочий,стройфирма
100000006262690100,h_worker_dastan,peripheral,legit,рабочий,стройфирма
100000001351399100,h_worker_zhandos,peripheral,legit,рабочий,стройфирма
100000003486638100,h_worker_marlen,peripheral,legit,рабочий,стройфирма
100000001793305100,h_worker_akhmet,peripheral,legit,рабочий,стройфирма
100000002225189100,h_worker_vitaliy,peripheral,legit,отделочник,стройфирма
100000003553739100,h_worker_sergey,peripheral,legit,отделочник,стройфирма
100000005687003100,h_worker_oleg,peripheral,legit,электрик штатный,стройфирма
100000000265004100,h_accountant_lyazzat,peripheral,legit,бухгалтер стройфирмы,зарплата; иногда получает подотчёт на хознужды
100000008828158100,h_foreman_berdibek,transit,legit,прораб,получает подотчёт от фирмы и в тот же день платит за мелкие материалы и разнорабочим
100000007842659100,h_supplier_cement,terminal,legit,поставщик бетона и цемента,крупные нерегулярные оплаты стройфирмы
100000004685027100,h_supplier_metal,terminal,legit,металлобаза,арматура для стройки
100000005817675100,h_brigade_pavel,transit,legit,бригадир субподряда электрики,получает оплату субподряда и на следующий день раздаёт своим трём электрикам
100000007222192100,h_owner_marat,terminal,legit,учредитель стройфирмы,дивиденды и подотчёт
100000006434422100,c2_marat_saule_husband,peripheral,legit,муж сестры жены,ремонт машины; возвращает займ жены своячнице (замыкает цикл)
100000002284765100,c2_erlan_gulnar_husband,peripheral,legit,строитель,зарплата со стройки; хозяйство и займ младшему брату
100000004365786100,c2_saltanat_bride_mother,peripheral,legit,мать невесты,бытовые траты и своя доля предоплаты тойханы
100000006677515100,c2_klara_zhanar_mother,peripheral,legit,пенсионерка,аптека; иногда возвращает дочери
100000004623039100,c2_cm_aidana,peripheral,legit,одноклассница-репетитор,частные уроки; взнос на встречу
100000003403396100,c3_drop_dilnaz,peripheral,criminal,дроп-новичок,только что завербована; получила подъёмные и ещё ничего не прогоняла
100000004785632100,c5_clean_gulmira,peripheral,legit,уборщица клининга,зарплата от ИП
100000001128613100,c5_clean_nadezhda,peripheral,legit,уборщица клининга,зарплата от ИП
100000008337039100,c5_clean_saltanat,peripheral,legit,уборщица клининга,зарплата от ИП
100000001487949100,c5_clean_zhibek,peripheral,legit,уборщица клининга,зарплата от ИП
100000008248386100,c5_clean_ainur,peripheral,legit,уборщица клининга,зарплата от ИП
100000002519843100,c5_clean_lyudmila,peripheral,legit,уборщица клининга,зарплата от ИП
100000006478399100,c5_clean_roza,peripheral,legit,уборщица клининга,зарплата от ИП
100000003615601100,c6_cr_boss_sister,peripheral,legit,сестра бенефициара,получает помощь на ребёнка и не знает откуда деньги
100000006326842100,c6_dinara_mama,peripheral,legit,тёща владельца кафе,получает помощь от дочери
100000001401755100,c6_aigerim_sister_laura,peripheral,legit,сестра жены рабочего,получает помощь
